Variety,Resistance Level,Replication ID,Infection Severity (%),Wilt index,Plant height (cm),Days to wilt symptoms,Survival rate (%),Disease incidence (%)
EP-R1,Resistant,1,22.5,0.7,88.9,21,88.8,23.4
EP-R1,Resistant,2,27.9,1.2,82.2,19,87.7,21.7
EP-R1,Resistant,3,21.2,0.0,74.7,17,84.9,27.2
EP-R1,Resistant,4,15.5,0.1,93.8,18,90.3,15.0
EP-R1,Resistant,5,17.3,0.9,78.1,19,87.0,23.0
EP-R1,Resistant,6,17.0,1.7,84.9,16,94.1,16.5
EP-R1,Resistant,7,21.0,0.0,77.0,18,93.7,26.2
EP-R1,Resistant,8,19.4,0.6,76.1,17,87.7,32.4
EP-R1,Resistant,9,21.7,0.0,86.9,17,86.6,29.3
EP-R1,Resistant,10,25.2,1.3,80.0,17,91.7,31.8
EP-R1,Resistant,11,17.6,0.7,78.4,16,94.1,34.5
EP-R1,Resistant,12,19.6,1.3,87.2,17,91.8,35.8
EP-R1,Resistant,13,19.8,1.6,69.3,20,90.4,22.9
EP-R1,Resistant,14,20.5,0.0,83.7,19,97.4,21.4
EP-R1,Resistant,15,16.0,0.5,90.5,19,87.4,28.6
EP-R1,Resistant,16,20.5,1.3,80.8,17,88.0,14.8
EP-R1,Resistant,17,21.5,0.9,85.0,18,82.9,22.1
EP-R1,Resistant,18,18.3,0.4,84.0,19,99.4,26.2
EP-R1,Resistant,19,21.3,0.8,73.5,18,90.3,42.2
EP-R1,Resistant,20,19.0,1.0,84.8,16,95.7,30.3
EP-R1,Resistant,21,24.0,0.3,93.4,15,92.9,40.3
EP-R1,Resistant,22,15.0,0.5,85.6,17,82.2,25.5
EP-R1,Resistant,23,14.7,1.0,79.5,21,86.1,22.7
EP-R1,Resistant,24,24.1,0.2,86.4,21,82.0,26.3
EP-R1,Resistant,25,21.3,1.2,77.6,15,92.6,27.1
EP-R1,Resistant,26,21.3,1.0,80.9,18,91.5,20.0
EP-R1,Resistant,27,29.3,1.0,77.9,19,85.1,30.5
EP-R1,Resistant,28,25.8,0.4,90.8,19,94.1,38.3
EP-R1,Resistant,29,18.8,0.4,79.7,16,89.6,27.4
EP-R1,Resistant,30,21.4,1.2,85.1,21,88.7,44.0
EP-R1,Resistant,31,23.1,0.4,78.6,19,88.9,30.0
EP-R1,Resistant,32,22.4,0.8,79.9,15,87.8,31.0
EP-R1,Resistant,33,21.1,0.2,86.0,19,85.6,26.1
EP-R1,Resistant,34,20.3,0.2,87.1,19,95.4,32.4
EP-R1,Resistant,35,13.1,0.3,88.1,19,92.6,52.0
EP-R1,Resistant,36,22.9,1.4,90.7,19,88.4,30.3
EP-R1,Resistant,37,16.1,0.7,82.1,18,100.0,11.9
EP-R1,Resistant,38,23.4,0.0,82.2,20,90.3,17.5
EP-R1,Resistant,39,16.4,1.1,80.6,18,90.2,20.4
EP-R1,Resistant,40,30.7,1.1,72.8,18,86.7,31.0
EP-R1,Resistant,41,16.0,0.7,88.0,20,84.0,22.7
EP-R1,Resistant,42,17.6,0.5,95.6,19,83.7,31.4
EP-R1,Resistant,43,30.6,1.3,75.9,17,96.3,20.0
EP-R1,Resistant,44,22.2,1.2,79.4,18,73.8,17.8
EP-R1,Resistant,45,18.7,0.2,94.8,15,87.8,25.9
EP-R1,Resistant,46,27.2,0.1,92.0,18,85.1,28.2
EP-R1,Resistant,47,21.0,0.5,85.4,17,90.6,29.6
EP-R1,Resistant,48,27.9,0.2,97.8,14,89.2,29.1
EP-R1,Resistant,49,21.4,0.5,83.8,17,87.1,30.9
EP-R1,Resistant,50,21.8,0.5,90.4,19,94.1,29.4
EP-R1,Resistant,51,15.9,0.5,89.5,19,89.9,25.8
EP-R1,Resistant,52,26.4,0.5,88.3,18,88.9,32.7
EP-R1,Resistant,53,24.1,1.2,92.8,18,93.4,22.8
EP-R1,Resistant,54,21.6,0.7,85.6,19,85.9,39.6
EP-R1,Resistant,55,15.0,0.2,91.9,20,93.1,29.4
EP-R1,Resistant,56,19.9,0.4,85.5,17,94.9,24.0
EP-R1,Resistant,57,15.9,0.6,87.5,17,85.9,26.7
EP-R1,Resistant,58,21.2,0.5,82.2,18,82.8,15.1
EP-R1,Resistant,59,16.4,0.7,86.9,21,94.3,23.9
EP-R1,Resistant,60,19.9,0.3,84.9,17,91.6,19.2
EP-R1,Resistant,61,22.6,1.6,84.3,19,93.5,22.2
EP-R1,Resistant,62,21.1,0.8,85.6,16,90.1,28.5
EP-R1,Resistant,63,27.3,1.3,97.9,16,94.4,26.3
EP-R1,Resistant,64,30.9,0.4,80.0,17,79.4,21.3
EP-R1,Resistant,65,16.2,0.9,87.1,22,94.8,21.0
EP-R1,Resistant,66,15.5,1.0,77.1,22,95.9,21.7
EP-R1,Resistant,67,11.4,1.5,84.3,20,82.0,20.8
EP-R1,Resistant,68,20.0,0.8,82.3,19,84.7,24.0
EP-R1,Resistant,69,20.6,1.1,89.3,16,82.3,33.9
EP-R1,Resistant,70,21.7,0.4,94.3,18,95.9,25.5
EP-R1,Resistant,71,30.3,1.7,83.5,20,93.2,34.6
EP-R1,Resistant,72,15.2,1.1,91.4,14,84.1,10.7
EP-R1,Resistant,73,18.7,1.2,94.0,18,98.1,15.3
EP-R1,Resistant,74,11.5,0.8,87.3,18,79.7,24.4
EP-R1,Resistant,75,13.5,1.1,87.2,16,87.4,17.6
EP-R1,Resistant,76,19.7,1.3,79.1,19,87.3,19.4
EP-R1,Resistant,77,19.5,0.3,81.7,16,99.8,25.2
EP-R1,Resistant,78,16.5,0.9,84.3,18,93.1,30.3
EP-R1,Resistant,79,17.3,0.5,83.3,13,82.4,34.6
EP-R1,Resistant,80,28.2,0.7,88.5,19,100.0,32.8
EP-R1,Resistant,81,19.4,0.3,75.4,18,86.2,15.0
EP-R1,Resistant,82,16.8,0.3,95.1,20,90.0,35.4
EP-R1,Resistant,83,20.4,0.4,94.1,19,84.8,23.7
EP-R1,Resistant,84,15.6,0.1,90.6,22,83.0,28.9
EP-R1,Resistant,85,16.7,0.6,81.4,16,90.2,19.2
EP-R1,Resistant,86,21.4,0.8,83.6,16,87.1,30.3
EP-R1,Resistant,87,22.5,0.3,85.6,20,81.7,28.8
EP-R1,Resistant,88,16.7,1.1,80.4,14,81.9,25.3
EP-R1,Resistant,89,21.3,0.3,88.8,15,89.7,16.5
EP-R1,Resistant,90,16.7,0.8,79.8,17,95.0,21.0
EP-R1,Resistant,91,24.2,0.2,88.2,21,77.6,19.4
EP-R1,Resistant,92,22.9,0.7,87.2,17,90.4,23.9
EP-R1,Resistant,93,25.8,0.9,87.0,17,87.6,22.0
EP-R1,Resistant,94,22.0,0.6,86.7,22,94.4,22.7
EP-R1,Resistant,95,26.0,0.6,72.8,16,80.6,22.5
EP-R1,Resistant,96,20.1,1.6,87.0,18,94.1,9.5
EP-R1,Resistant,97,21.2,1.2,76.1,20,91.7,22.1
EP-R1,Resistant,98,23.2,1.9,86.1,18,87.7,19.1
EP-R1,Resistant,99,24.2,0.4,85.4,17,92.4,27.3
EP-R1,Resistant,100,25.2,0.5,83.4,16,87.8,27.6
EP-R2,Resistant,1,23.8,0.3,90.2,21,92.1,38.1
EP-R2,Resistant,2,16.1,0.2,74.3,21,93.3,24.6
EP-R2,Resistant,3,21.4,0.2,99.7,18,90.5,30.1
EP-R2,Resistant,4,22.4,0.9,80.3,19,99.4,34.4
EP-R2,Resistant,5,28.0,0.5,79.1,18,90.3,32.7
EP-R2,Resistant,6,11.5,1.6,84.1,17,84.9,13.4
EP-R2,Resistant,7,24.1,0.8,77.3,15,88.3,36.7
EP-R2,Resistant,8,18.7,0.0,83.5,17,76.5,24.6
EP-R2,Resistant,9,18.8,1.1,96.1,20,88.7,17.3
EP-R2,Resistant,10,32.9,0.8,85.1,18,91.0,24.0
EP-R2,Resistant,11,17.1,0.5,84.8,17,86.4,25.7
EP-R2,Resistant,12,18.7,1.6,69.1,20,96.2,10.5
EP-R2,Resistant,13,18.3,0.6,76.6,16,84.4,37.3
EP-R2,Resistant,14,24.7,1.4,89.3,16,87.4,28.4
EP-R2,Resistant,15,13.9,1.2,83.6,17,93.6,28.1
EP-R2,Resistant,16,18.2,1.4,78.5,19,93.0,22.8
EP-R2,Resistant,17,21.6,0.2,90.5,18,87.4,32.3
EP-R2,Resistant,18,16.5,0.1,75.7,19,83.6,37.3
EP-R2,Resistant,19,9.6,1.6,86.3,18,87.3,27.8
EP-R2,Resistant,20,19.8,1.4,85.7,18,88.2,24.6
EP-R2,Resistant,21,21.5,0.0,76.9,19,90.9,23.7
EP-R2,Resistant,22,20.1,1.0,81.8,16,91.0,18.2
EP-R2,Resistant,23,22.0,0.0,91.2,19,91.3,31.9
EP-R2,Resistant,24,28.3,1.3,74.0,15,86.9,25.2
EP-R2,Resistant,25,22.6,0.4,86.1,16,86.9,15.2
EP-R2,Resistant,26,15.4,0.1,79.1,20,85.3,43.4
EP-R2,Resistant,27,22.5,0.9,79.8,19,87.1,25.9
EP-R2,Resistant,28,32.8,0.8,91.9,17,89.8,37.4
EP-R2,Resistant,29,16.9,1.7,89.2,17,93.2,31.8
EP-R2,Resistant,30,23.1,0.0,80.6,18,89.6,29.3
EP-R2,Resistant,31,20.9,0.1,87.3,19,92.8,32.6
EP-R2,Resistant,32,24.2,1.0,84.6,15,92.1,26.5
EP-R2,Resistant,33,21.4,0.2,78.5,20,89.8,29.8
EP-R2,Resistant,34,20.1,0.8,90.6,17,90.5,21.8
EP-R2,Resistant,35,17.8,0.6,86.3,17,96.3,18.7
EP-R2,Resistant,36,19.1,0.6,93.7,18,95.2,14.6
EP-R2,Resistant,37,21.3,1.2,85.5,20,87.4,34.9
EP-R2,Resistant,38,31.5,0.6,82.3,21,97.9,21.3
EP-R2,Resistant,39,17.9,0.7,76.9,16,85.0,19.6
EP-R2,Resistant,40,19.8,0.9,94.3,16,94.9,23.5
EP-R2,Resistant,41,19.8,1.1,78.3,19,90.8,28.4
EP-R2,Resistant,42,21.4,2.0,81.2,17,86.9,21.1
EP-R2,Resistant,43,16.8,1.4,93.5,17,85.8,28.3
EP-R2,Resistant,44,17.2,1.1,86.2,15,97.7,37.6
EP-R2,Resistant,45,16.9,0.6,86.7,19,93.3,39.1
EP-R2,Resistant,46,19.1,0.4,76.7,17,89.8,37.6
EP-R2,Resistant,47,17.4,0.9,84.9,20,100.0,21.3
EP-R2,Resistant,48,17.6,1.3,89.1,22,92.9,22.5
EP-R2,Resistant,49,23.0,1.4,89.9,19,95.3,33.2
EP-R2,Resistant,50,26.9,1.1,84.0,18,96.0,19.3
EP-R2,Resistant,51,21.8,0.6,85.2,21,91.0,25.3
EP-R2,Resistant,52,13.2,1.2,88.9,22,88.5,26.5
EP-R2,Resistant,53,21.2,1.6,84.4,19,93.0,26.3
EP-R2,Resistant,54,17.8,0.9,91.4,16,90.7,20.1
EP-R2,Resistant,55,26.0,0.0,81.6,19,97.8,24.5
EP-R2,Resistant,56,17.2,1.7,76.3,14,92.2,21.5
EP-R2,Resistant,57,14.9,1.2,86.5,17,83.6,31.1
EP-R2,Resistant,58,23.3,0.8,96.1,16,82.4,20.2
EP-R2,Resistant,59,19.8,0.9,83.6,19,83.7,35.1
EP-R2,Resistant,60,19.6,1.4,87.1,19,92.8,28.1
EP-R2,Resistant,61,23.2,1.5,86.2,19,89.6,35.1
EP-R2,Resistant,62,16.6,1.7,84.8,15,90.6,20.2
EP-R2,Resistant,63,24.2,0.5,82.3,14,87.7,8.0
EP-R2,Resistant,64,12.1,1.2,89.7,19,85.2,24.7
EP-R2,Resistant,65,20.0,0.2,94.0,20,88.9,25.2
EP-R2,Resistant,66,21.0,0.0,83.5,17,85.0,23.0
EP-R2,Resistant,67,29.0,1.1,81.6,19,97.0,31.5
EP-R2,Resistant,68,20.3,0.5,89.2,19,94.5,29.4
EP-R2,Resistant,69,25.2,0.5,92.9,18,100.0,20.2
EP-R2,Resistant,70,28.7,0.9,81.1,17,88.4,28.0
EP-R2,Resistant,71,22.6,0.5,84.9,22,98.6,28.1
EP-R2,Resistant,72,20.2,0.9,88.7,16,88.7,13.3
EP-R2,Resistant,73,22.0,1.1,82.1,21,83.9,14.7
EP-R2,Resistant,74,21.1,1.3,95.1,17,95.4,24.7
EP-R2,Resistant,75,19.1,1.2,88.9,15,97.4,34.7
EP-R2,Resistant,76,16.9,1.0,88.0,19,87.2,20.3
EP-R2,Resistant,77,19.9,1.4,88.3,17,93.9,5.1
EP-R2,Resistant,78,25.7,0.0,82.8,16,83.5,33.1
EP-R2,Resistant,79,17.7,1.0,84.7,19,90.4,16.0
EP-R2,Resistant,80,25.0,0.6,75.7,17,97.5,31.0
EP-R2,Resistant,81,18.3,0.6,83.1,22,91.9,28.0
EP-R2,Resistant,82,25.2,0.9,83.4,18,89.6,24.7
EP-R2,Resistant,83,23.6,0.8,89.4,18,90.4,11.0
EP-R2,Resistant,84,24.6,1.0,91.0,12,100.0,24.0
EP-R2,Resistant,85,25.5,0.3,88.7,16,86.9,38.4
EP-R2,Resistant,86,19.0,0.9,90.2,19,90.8,27.6
EP-R2,Resistant,87,32.0,0.8,86.2,20,95.5,33.3
EP-R2,Resistant,88,23.2,0.2,94.8,16,91.5,19.7
EP-R2,Resistant,89,19.7,1.0,86.9,19,98.1,28.2
EP-R2,Resistant,90,18.8,1.3,92.1,16,93.0,29.9
EP-R2,Resistant,91,18.5,1.5,84.1,18,89.1,25.1
EP-R2,Resistant,92,14.5,0.1,94.6,16,85.0,9.9
EP-R2,Resistant,93,16.8,0.1,94.9,20,86.6,40.8
EP-R2,Resistant,94,24.9,0.6,70.0,23,83.1,13.5
EP-R2,Resistant,95,25.1,2.0,93.3,19,93.0,31.0
EP-R2,Resistant,96,23.8,0.9,85.6,18,86.2,23.0
EP-R2,Resistant,97,11.5,0.8,79.1,16,90.9,34.7
EP-R2,Resistant,98,24.6,0.0,79.1,20,85.1,23.4
EP-R2,Resistant,99,22.8,0.3,85.6,15,87.0,27.2
EP-R2,Resistant,100,12.0,1.0,84.9,19,91.1,34.5
EP-R3,Resistant,1,20.6,0.6,85.7,19,90.2,25.3
EP-R3,Resistant,2,16.5,0.5,76.6,21,83.8,20.1
EP-R3,Resistant,3,16.4,1.2,83.2,20,86.6,27.0
EP-R3,Resistant,4,15.8,1.9,77.9,19,93.2,27.9
EP-R3,Resistant,5,19.1,0.7,85.3,18,94.8,40.5
EP-R3,Resistant,6,17.2,0.1,84.5,23,86.0,36.5
EP-R3,Resistant,7,28.4,0.5,88.4,21,88.1,23.6
EP-R3,Resistant,8,17.1,0.3,81.1,16,90.2,19.6
EP-R3,Resistant,9,21.2,0.0,87.0,20,80.0,27.6
EP-R3,Resistant,10,26.1,0.2,95.0,19,86.5,24.6
EP-R3,Resistant,11,22.8,0.8,88.2,16,90.8,15.1
EP-R3,Resistant,12,19.4,0.3,80.6,20,95.5,29.3
EP-R3,Resistant,13,14.5,0.6,92.3,18,100.0,27.8
EP-R3,Resistant,14,21.0,0.6,85.8,18,93.5,31.7
EP-R3,Resistant,15,16.1,0.1,74.0,19,84.5,9.9
EP-R3,Resistant,16,21.9,2.0,85.0,20,90.4,24.3
EP-R3,Resistant,17,24.6,0.7,86.6,19,86.7,31.9
EP-R3,Resistant,18,19.1,0.4,88.2,16,90.1,24.9
EP-R3,Resistant,19,25.4,1.0,84.8,20,97.0,28.9
EP-R3,Resistant,20,20.1,0.1,78.6,17,87.0,23.7
EP-R3,Resistant,21,20.3,1.1,84.6,19,90.3,11.2
EP-R3,Resistant,22,15.3,0.7,77.7,19,97.7,33.5
EP-R3,Resistant,23,18.9,1.5,85.9,17,86.9,22.9
EP-R3,Resistant,24,18.1,0.9,86.0,18,92.2,33.3
EP-R3,Resistant,25,24.7,0.1,69.7,20,83.2,23.4
EP-R3,Resistant,26,14.1,0.0,88.2,20,87.1,6.9
EP-R3,Resistant,27,17.3,1.0,76.1,18,89.9,29.1
EP-R3,Resistant,28,20.6,0.3,92.2,18,89.9,18.5
EP-R3,Resistant,29,17.8,0.4,84.0,21,83.1,13.7
EP-R3,Resistant,30,27.4,0.7,81.0,20,87.0,37.8
EP-R3,Resistant,31,23.4,0.6,97.9,17,93.7,27.1
EP-R3,Resistant,32,26.5,1.6,85.2,16,92.3,20.3
EP-R3,Resistant,33,30.1,0.9,82.8,18,83.3,18.2
EP-R3,Resistant,34,26.0,0.5,78.7,19,95.9,30.0
EP-R3,Resistant,35,25.0,0.4,76.5,21,88.4,23.2
EP-R3,Resistant,36,26.6,1.1,87.7,22,86.8,31.5
EP-R3,Resistant,37,20.3,0.9,94.2,19,92.7,32.5
EP-R3,Resistant,38,18.2,0.4,78.7,14,100.0,17.3
EP-R3,Resistant,39,18.9,0.7,86.8,20,94.3,20.9
EP-R3,Resistant,40,19.2,0.9,83.5,21,92.5,30.1
EP-R3,Resistant,41,23.3,1.4,86.1,15,92.0,20.4
EP-R3,Resistant,42,17.4,1.1,92.4,18,91.5,36.9
EP-R3,Resistant,43,21.2,2.1,88.4,14,93.8,27.7
EP-R3,Resistant,44,26.4,1.1,84.2,16,89.0,19.0
EP-R3,Resistant,45,17.1,1.1,95.0,19,84.0,28.1
EP-R3,Resistant,46,26.0,0.5,84.2,18,86.1,29.5
EP-R3,Resistant,47,19.4,1.0,79.7,17,93.6,22.4
EP-R3,Resistant,48,28.6,0.6,86.3,20,82.9,12.7
EP-R3,Resistant,49,12.4,1.4,81.7,23,87.2,26.3
EP-R3,Resistant,50,27.7,1.8,97.4,20,95.1,29.1
EP-R3,Resistant,51,23.9,0.5,80.1,18,89.1,21.8
EP-R3,Resistant,52,23.5,1.3,85.5,21,84.3,23.6
EP-R3,Resistant,53,16.4,0.0,84.5,18,97.6,29.4
EP-R3,Resistant,54,14.9,1.7,92.3,19,88.9,18.3
EP-R3,Resistant,55,18.1,1.3,96.3,21,87.6,17.2
EP-R3,Resistant,56,20.7,0.0,86.9,18,87.7,13.8
EP-R3,Resistant,57,22.6,0.5,78.0,12,89.9,37.4
EP-R3,Resistant,58,28.3,0.6,81.4,19,85.0,27.1
EP-R3,Resistant,59,23.8,1.4,84.4,18,85.6,19.2
EP-R3,Resistant,60,18.9,1.0,90.5,16,97.5,23.1
EP-R3,Resistant,61,19.9,0.4,70.5,20,93.7,23.0
EP-R3,Resistant,62,20.3,1.1,75.6,17,94.0,16.2
EP-R3,Resistant,63,21.5,0.1,87.8,18,81.9,33.2
EP-R3,Resistant,64,16.3,0.4,86.2,20,84.9,25.4
EP-R3,Resistant,65,22.1,1.1,86.1,17,85.9,25.6
EP-R3,Resistant,66,14.6,0.0,87.6,20,78.2,17.9
EP-R3,Resistant,67,23.1,1.8,85.1,17,89.1,34.6
EP-R3,Resistant,68,16.8,0.4,82.1,16,90.6,36.4
EP-R3,Resistant,69,21.6,0.7,83.2,15,94.4,24.5
EP-R3,Resistant,70,19.1,2.4,86.8,16,87.9,33.0
EP-R3,Resistant,71,20.6,0.1,90.5,17,99.4,32.6
EP-R3,Resistant,72,17.8,1.4,85.4,20,92.4,19.1
EP-R3,Resistant,73,16.8,1.3,83.0,17,85.2,28.0
EP-R3,Resistant,74,30.3,0.3,85.1,21,89.6,28.2
EP-R3,Resistant,75,14.7,1.0,83.9,20,95.9,43.1
EP-R3,Resistant,76,22.9,1.0,86.2,17,91.7,22.9
EP-R3,Resistant,77,20.8,1.5,79.0,20,96.6,24.2
EP-R3,Resistant,78,9.4,0.5,92.8,18,85.0,21.5
EP-R3,Resistant,79,24.2,1.1,83.6,17,88.0,18.5
EP-R3,Resistant,80,28.1,0.6,92.3,21,95.0,22.0
EP-R3,Resistant,81,22.0,0.8,79.6,19,84.1,33.3
EP-R3,Resistant,82,17.7,0.9,86.7,17,92.9,21.7
EP-R3,Resistant,83,24.4,0.1,85.8,22,85.0,20.3
EP-R3,Resistant,84,22.6,0.9,87.1,19,93.2,32.8
EP-R3,Resistant,85,22.0,0.7,89.0,22,89.3,18.2
EP-R3,Resistant,86,25.5,0.7,72.0,20,87.3,24.4
EP-R3,Resistant,87,21.7,0.9,89.3,17,92.6,23.2
EP-R3,Resistant,88,23.7,1.1,79.4,20,87.3,30.7
EP-R3,Resistant,89,21.8,1.7,83.7,17,89.9,22.9
EP-R3,Resistant,90,24.0,0.0,78.7,16,94.8,37.0
EP-R3,Resistant,91,19.5,0.7,85.4,20,85.4,26.7
EP-R3,Resistant,92,24.9,1.1,86.1,20,76.5,29.7
EP-R3,Resistant,93,16.7,0.0,88.1,21,89.3,31.7
EP-R3,Resistant,94,28.1,1.5,94.8,19,90.4,13.8
EP-R3,Resistant,95,18.8,0.4,98.0,18,90.6,28.9
EP-R3,Resistant,96,20.2,1.6,81.3,18,86.3,15.8
EP-R3,Resistant,97,16.9,0.8,82.4,17,83.0,24.4
EP-R3,Resistant,98,12.5,1.2,85.5,15,88.5,19.7
EP-R3,Resistant,99,21.6,1.5,73.7,18,89.2,29.7
EP-R3,Resistant,100,21.1,0.4,83.1,16,95.4,25.1
EP-M1,Moderate,1,64.0,2.5,71.5,10,37.0,34.2
EP-M1,Moderate,2,47.7,2.9,67.1,13,50.2,51.5
EP-M1,Moderate,3,61.1,3.1,73.7,11,33.5,42.8
EP-M1,Moderate,4,42.9,1.8,74.3,12,52.8,43.5
EP-M1,Moderate,5,46.7,2.8,69.5,14,54.0,50.2
EP-M1,Moderate,6,52.1,2.7,79.8,12,48.9,53.6
EP-M1,Moderate,7,33.6,2.6,74.8,12,53.7,31.2
EP-M1,Moderate,8,39.5,2.6,75.8,10,67.7,41.3
EP-M1,Moderate,9,54.7,2.8,71.8,15,43.1,59.2
EP-M1,Moderate,10,55.0,2.0,82.0,12,57.9,52.6
EP-M1,Moderate,11,43.7,3.1,79.0,9,68.0,33.4
EP-M1,Moderate,12,55.3,3.3,69.5,11,43.9,47.9
EP-M1,Moderate,13,41.9,3.0,81.6,14,49.4,47.9
EP-M1,Moderate,14,28.2,1.9,79.8,14,42.7,44.1
EP-M1,Moderate,15,44.7,2.7,71.0,13,50.3,49.9
EP-M1,Moderate,16,50.5,2.5,72.8,12,54.1,46.3
EP-M1,Moderate,17,42.4,3.6,77.8,12,62.0,46.7
EP-M1,Moderate,18,56.7,2.8,74.5,13,39.3,38.7
EP-M1,Moderate,19,33.1,2.6,83.7,15,61.4,55.0
EP-M1,Moderate,20,27.0,2.1,71.1,11,53.3,45.3
EP-M1,Moderate,21,25.2,3.0,69.6,12,75.7,40.8
EP-M1,Moderate,22,19.7,2.3,80.5,15,42.7,55.0
EP-M1,Moderate,23,40.3,2.4,88.2,10,57.5,54.7
EP-M1,Moderate,24,55.9,2.6,76.5,11,57.7,46.6
EP-M1,Moderate,25,51.2,2.2,76.9,12,66.3,49.5
EP-M1,Moderate,26,27.3,3.4,70.5,11,49.0,63.7
EP-M1,Moderate,27,23.6,4.7,80.3,12,54.5,52.9
EP-M1,Moderate,28,50.2,3.0,77.8,12,53.0,48.5
EP-M1,Moderate,29,43.1,3.3,78.0,8,61.6,51.9
EP-M1,Moderate,30,44.8,2.2,80.6,13,47.3,54.1
EP-M1,Moderate,31,35.3,1.5,71.9,13,64.5,55.1
EP-M1,Moderate,32,52.3,2.9,71.8,13,63.0,57.5
EP-M1,Moderate,33,56.9,3.0,76.8,14,54.7,41.2
EP-M1,Moderate,34,43.4,2.0,71.6,12,47.1,46.9
EP-M1,Moderate,35,26.1,2.6,75.0,11,61.6,59.4
EP-M1,Moderate,36,28.9,2.0,71.2,11,63.3,48.1
EP-M1,Moderate,37,42.4,1.1,78.2,10,55.6,52.8
EP-M1,Moderate,38,58.6,1.6,59.9,12,73.0,62.4
EP-M1,Moderate,39,47.1,2.2,79.0,11,59.8,55.1
EP-M1,Moderate,40,55.6,4.4,77.0,11,54.7,32.3
EP-M1,Moderate,41,38.1,2.2,72.4,12,46.8,61.2
EP-M1,Moderate,42,45.0,2.5,73.4,12,63.3,41.3
EP-M1,Moderate,43,38.4,2.3,68.3,11,50.2,58.7
EP-M1,Moderate,44,47.6,2.6,79.3,12,58.9,49.0
EP-M1,Moderate,45,47.7,2.1,62.8,12,69.2,59.3
EP-M1,Moderate,46,54.7,3.4,75.4,12,48.8,46.8
EP-M1,Moderate,47,51.2,3.3,74.3,11,55.0,56.0
EP-M1,Moderate,48,30.6,0.9,72.2,10,49.9,48.5
EP-M1,Moderate,49,40.5,3.5,76.6,12,61.2,38.6
EP-M1,Moderate,50,55.4,2.4,78.4,10,39.5,58.2
EP-M1,Moderate,51,48.8,1.9,70.7,14,43.1,66.4
EP-M1,Moderate,52,36.0,2.9,73.4,13,49.6,48.4
EP-M1,Moderate,53,45.4,1.8,78.7,11,52.7,40.1
EP-M1,Moderate,54,19.4,2.4,87.1,13,54.8,47.4
EP-M1,Moderate,55,45.2,2.9,69.1,14,62.2,57.2
EP-M1,Moderate,56,49.4,2.5,78.4,13,51.5,44.3
EP-M1,Moderate,57,46.0,3.6,68.8,10,56.6,50.5
EP-M1,Moderate,58,46.7,2.7,73.9,14,39.0,41.7
EP-M1,Moderate,59,44.0,1.3,74.1,14,55.2,52.3
EP-M1,Moderate,60,32.4,2.1,73.1,12,67.8,55.6
EP-M1,Moderate,61,33.9,2.7,77.5,14,70.8,39.8
EP-M1,Moderate,62,36.9,1.6,73.8,13,64.9,49.2
EP-M1,Moderate,63,41.8,2.6,70.8,15,38.9,51.8
EP-M1,Moderate,64,65.2,2.5,74.0,11,53.2,63.7
EP-M1,Moderate,65,22.9,3.6,67.9,12,50.7,55.9
EP-M1,Moderate,66,29.0,2.8,85.1,10,56.9,43.4
EP-M1,Moderate,67,49.3,2.5,71.8,13,73.0,48.1
EP-M1,Moderate,68,52.2,1.6,70.2,13,69.8,53.6
EP-M1,Moderate,69,41.9,2.5,68.7,13,63.8,45.5
EP-M1,Moderate,70,40.3,2.7,72.8,12,76.0,47.5
EP-M1,Moderate,71,41.4,2.0,78.7,12,48.5,63.2
EP-M1,Moderate,72,59.2,2.1,65.7,14,48.2,57.9
EP-M1,Moderate,73,25.3,3.1,68.9,13,55.1,40.5
EP-M1,Moderate,74,40.9,3.0,75.5,13,74.8,34.4
EP-M1,Moderate,75,61.2,2.6,70.5,10,53.1,59.2
EP-M1,Moderate,76,43.7,3.6,67.7,12,42.5,53.6
EP-M1,Moderate,77,53.9,2.2,62.0,12,59.4,54.0
EP-M1,Moderate,78,57.4,1.8,78.4,14,37.2,53.2
EP-M1,Moderate,79,40.0,2.4,76.7,11,48.2,50.3
EP-M1,Moderate,80,34.1,1.7,78.4,10,61.7,54.6
EP-M1,Moderate,81,27.7,2.0,81.0,11,50.4,54.6
EP-M1,Moderate,82,52.8,2.3,72.0,14,72.4,59.8
EP-M1,Moderate,83,45.9,1.9,70.8,13,59.2,64.0
EP-M1,Moderate,84,51.5,1.4,80.3,11,51.2,52.5
EP-M1,Moderate,85,65.0,4.7,78.0,12,60.3,58.9
EP-M1,Moderate,86,41.8,3.8,76.2,13,61.7,54.2
EP-M1,Moderate,87,53.4,2.1,72.2,10,59.4,57.8
EP-M1,Moderate,88,49.6,3.7,75.0,13,44.1,46.1
EP-M1,Moderate,89,52.0,3.1,73.5,12,39.8,46.4
EP-M1,Moderate,90,53.9,2.9,77.5,12,55.1,43.4
EP-M1,Moderate,91,52.0,2.8,77.5,11,33.5,61.0
EP-M1,Moderate,92,40.2,1.9,78.5,11,65.6,56.2
EP-M1,Moderate,93,51.8,1.5,81.1,12,51.3,51.4
EP-M1,Moderate,94,27.2,2.8,69.9,10,39.8,61.1
EP-M1,Moderate,95,38.7,3.6,72.3,9,43.8,62.4
EP-M1,Moderate,96,43.4,2.1,75.8,13,66.2,64.5
EP-M1,Moderate,97,41.4,1.6,72.9,12,45.4,40.4
EP-M1,Moderate,98,48.4,2.5,75.2,11,52.7,40.8
EP-M1,Moderate,99,53.9,3.2,65.8,11,40.0,43.5
EP-M1,Moderate,100,44.2,1.5,70.4,10,57.1,50.7
EP-M2,Moderate,1,37.8,2.6,72.3,12,71.7,63.4
EP-M2,Moderate,2,32.0,3.1,79.1,10,63.2,65.4
EP-M2,Moderate,3,33.8,1.9,80.1,12,60.5,53.4
EP-M2,Moderate,4,48.9,1.6,80.2,14,52.7,49.6
EP-M2,Moderate,5,29.7,2.9,77.9,12,66.2,46.7
EP-M2,Moderate,6,50.6,1.8,74.9,12,57.3,46.3
EP-M2,Moderate,7,43.7,3.1,72.8,10,72.5,63.8
EP-M2,Moderate,8,32.1,3.0,72.5,12,57.9,47.7
EP-M2,Moderate,9,37.2,2.0,70.4,11,54.3,42.8
EP-M2,Moderate,10,51.8,3.5,72.1,12,60.0,54.7
EP-M2,Moderate,11,45.8,3.0,77.4,10,63.7,58.9
EP-M2,Moderate,12,37.4,2.5,78.4,12,65.7,73.6
EP-M2,Moderate,13,37.1,1.5,76.5,13,52.7,64.5
EP-M2,Moderate,14,31.6,3.0,72.0,15,74.9,42.3
EP-M2,Moderate,15,39.5,3.1,73.1,12,55.3,30.8
EP-M2,Moderate,16,44.9,2.0,72.5,14,42.4,58.1
EP-M2,Moderate,17,42.2,2.3,79.0,13,60.7,59.7
EP-M2,Moderate,18,41.7,2.1,69.6,11,84.5,62.4
EP-M2,Moderate,19,31.5,1.6,77.4,13,60.5,47.5
EP-M2,Moderate,20,43.7,2.7,75.4,9,52.7,41.5
EP-M2,Moderate,21,46.8,4.6,76.8,12,64.2,54.8
EP-M2,Moderate,22,49.2,2.9,85.3,10,59.7,40.7
EP-M2,Moderate,23,50.6,1.9,72.9,12,64.8,59.2
EP-M2,Moderate,24,32.5,2.5,71.5,10,52.8,46.9
EP-M2,Moderate,25,69.3,2.8,68.1,11,65.2,70.9
EP-M2,Moderate,26,29.1,1.2,84.4,13,46.3,55.3
EP-M2,Moderate,27,18.6,2.5,76.6,13,44.9,50.9
EP-M2,Moderate,28,35.7,2.7,70.5,11,45.0,56.5
EP-M2,Moderate,29,53.6,2.3,75.2,10,52.0,49.5
EP-M2,Moderate,30,71.2,1.7,82.3,13,57.8,67.6
EP-M2,Moderate,31,48.7,2.8,74.7,14,66.0,43.7
EP-M2,Moderate,32,31.8,2.4,71.0,12,67.4,45.4
EP-M2,Moderate,33,44.6,2.5,79.2,9,48.9,52.1
EP-M2,Moderate,34,57.0,2.2,65.6,13,48.6,38.1
EP-M2,Moderate,35,38.8,2.4,72.0,9,64.0,62.7
EP-M2,Moderate,36,51.5,1.7,74.0,12,61.0,56.7
EP-M2,Moderate,37,37.7,2.6,77.3,14,62.0,57.9
EP-M2,Moderate,38,45.8,3.5,77.0,11,69.0,57.0
EP-M2,Moderate,39,40.6,2.2,76.5,13,57.0,53.1
EP-M2,Moderate,40,62.0,3.3,76.0,13,44.7,54.0
EP-M2,Moderate,41,63.1,2.3,70.8,11,44.1,42.2
EP-M2,Moderate,42,41.3,1.5,75.1,13,45.9,65.2
EP-M2,Moderate,43,50.1,3.2,71.7,13,44.1,58.9
EP-M2,Moderate,44,46.7,2.9,69.1,11,61.0,40.5
EP-M2,Moderate,45,49.6,1.5,79.2,10,60.5,56.3
EP-M2,Moderate,46,38.0,2.9,76.3,11,44.9,30.4
EP-M2,Moderate,47,48.5,1.4,75.5,12,61.8,47.0
EP-M2,Moderate,48,41.7,3.0,76.7,12,59.7,34.6
EP-M2,Moderate,49,52.6,2.9,69.9,12,54.6,48.7
EP-M2,Moderate,50,48.3,3.5,80.4,10,61.2,63.3
EP-M2,Moderate,51,48.9,3.3,85.1,14,57.5,60.5
EP-M2,Moderate,52,46.4,2.5,73.2,14,46.8,65.3
EP-M2,Moderate,53,50.0,1.5,76.8,9,61.3,58.9
EP-M2,Moderate,54,39.1,2.6,84.8,11,44.4,64.8
EP-M2,Moderate,55,64.6,2.5,80.1,14,47.6,45.1
EP-M2,Moderate,56,57.3,3.7,77.8,11,74.9,44.7
EP-M2,Moderate,57,41.6,2.7,82.8,13,59.1,54.6
EP-M2,Moderate,58,45.4,2.9,62.4,12,57.4,38.5
EP-M2,Moderate,59,48.9,2.4,83.8,14,50.3,48.5
EP-M2,Moderate,60,44.3,2.2,76.0,11,43.7,56.2
EP-M2,Moderate,61,51.3,1.9,79.5,11,57.5,58.2
EP-M2,Moderate,62,44.7,2.8,72.4,12,52.9,42.5
EP-M2,Moderate,63,43.2,1.4,72.5,12,52.4,47.6
EP-M2,Moderate,64,44.4,2.8,79.4,11,43.0,39.6
EP-M2,Moderate,65,40.1,2.3,71.2,10,50.4,51.8
EP-M2,Moderate,66,51.0,2.1,72.9,11,54.7,41.5
EP-M2,Moderate,67,50.7,1.2,73.2,12,56.8,76.9
EP-M2,Moderate,68,48.5,1.8,74.5,9,54.2,41.7
EP-M2,Moderate,69,54.2,2.1,74.4,11,72.4,46.8
EP-M2,Moderate,70,63.3,3.1,77.4,13,58.9,30.7
EP-M2,Moderate,71,42.2,3.1,74.8,10,54.5,67.0
EP-M2,Moderate,72,57.5,2.5,79.8,11,38.0,40.8
EP-M2,Moderate,73,60.6,2.3,73.8,12,74.0,66.3
EP-M2,Moderate,74,67.2,2.4,76.5,10,69.8,38.3
EP-M2,Moderate,75,47.2,1.7,72.1,11,48.9,44.6
EP-M2,Moderate,76,39.5,3.1,69.5,12,67.2,44.9
EP-M2,Moderate,77,37.8,2.3,80.9,12,49.7,54.8
EP-M2,Moderate,78,34.0,3.0,77.0,12,46.6,41.1
EP-M2,Moderate,79,50.3,3.4,71.8,13,34.1,44.2
EP-M2,Moderate,80,44.7,1.9,70.3,11,57.9,48.1
EP-M2,Moderate,81,22.6,1.0,72.0,13,27.5,45.0
EP-M2,Moderate,82,39.7,3.5,73.1,13,56.4,28.7
EP-M2,Moderate,83,52.7,2.7,77.5,18,34.2,67.2
EP-M2,Moderate,84,42.1,2.7,74.8,11,49.3,53.3
EP-M2,Moderate,85,29.8,3.0,72.9,10,50.5,62.6
EP-M2,Moderate,86,39.6,2.8,71.3,13,61.9,68.5
EP-M2,Moderate,87,43.2,3.0,75.5,14,47.8,57.5
EP-M2,Moderate,88,43.1,2.5,75.5,12,53.8,52.1
EP-M2,Moderate,89,60.8,3.2,79.3,11,46.1,59.6
EP-M2,Moderate,90,53.8,3.5,72.0,12,38.6,46.1
EP-M2,Moderate,91,55.0,2.2,78.2,12,58.2,38.5
EP-M2,Moderate,92,45.9,0.4,74.1,10,67.1,57.8
EP-M2,Moderate,93,49.7,3.6,70.3,15,64.3,47.6
EP-M2,Moderate,94,56.4,1.7,70.9,11,49.7,39.4
EP-M2,Moderate,95,57.2,2.3,76.8,11,36.8,52.7
EP-M2,Moderate,96,25.9,2.5,68.2,15,64.1,51.1
EP-M2,Moderate,97,57.6,1.9,77.7,12,57.6,62.7
EP-M2,Moderate,98,52.3,2.7,66.7,11,53.8,50.9
EP-M2,Moderate,99,33.7,4.2,82.6,13,55.7,47.9
EP-M2,Moderate,100,35.5,2.6,76.3,10,58.3,48.4
EP-S1,Susceptible,1,55.9,3.7,62.9,9,29.5,70.7
EP-S1,Susceptible,2,79.9,3.3,70.4,7,24.3,89.3
EP-S1,Susceptible,3,62.1,3.4,62.1,8,12.8,60.2
EP-S1,Susceptible,4,70.5,4.5,71.0,7,21.7,88.1
EP-S1,Susceptible,5,56.3,4.0,66.0,7,20.9,80.2
EP-S1,Susceptible,6,50.1,3.8,67.3,6,25.5,83.1
EP-S1,Susceptible,7,71.6,4.3,60.2,7,29.9,81.1
EP-S1,Susceptible,8,69.1,4.3,68.6,5,34.3,77.6
EP-S1,Susceptible,9,79.3,4.9,58.1,6,22.7,74.5
EP-S1,Susceptible,10,92.3,3.7,62.2,7,15.4,77.2
EP-S1,Susceptible,11,78.2,4.0,64.5,6,12.9,82.3
EP-S1,Susceptible,12,92.5,4.2,66.1,8,14.8,91.9
EP-S1,Susceptible,13,77.0,5.0,61.3,9,31.2,83.9
EP-S1,Susceptible,14,77.3,4.1,71.0,7,9.3,72.2
EP-S1,Susceptible,15,73.1,4.4,64.7,8,9.4,81.0
EP-S1,Susceptible,16,56.8,4.7,64.5,7,18.1,89.0
EP-S1,Susceptible,17,85.4,4.6,64.4,8,19.3,86.0
EP-S1,Susceptible,18,91.5,4.8,61.4,7,14.7,84.0
EP-S1,Susceptible,19,79.5,3.1,59.2,7,22.6,71.5
EP-S1,Susceptible,20,78.9,4.4,64.0,6,33.4,91.6
EP-S1,Susceptible,21,70.2,3.8,67.5,7,23.9,85.2
EP-S1,Susceptible,22,55.9,5.0,65.4,7,24.3,79.7
EP-S1,Susceptible,23,57.7,5.0,65.2,7,32.6,72.9
EP-S1,Susceptible,24,79.7,4.0,69.2,5,24.2,75.8
EP-S1,Susceptible,25,79.3,4.5,61.5,6,24.1,73.7
EP-S1,Susceptible,26,83.4,4.0,50.5,7,16.7,68.6
EP-S1,Susceptible,27,62.6,4.3,71.6,7,20.1,83.2
EP-S1,Susceptible,28,70.4,3.8,59.2,5,21.9,81.1
EP-S1,Susceptible,29,74.0,4.0,60.3,8,14.5,85.4
EP-S1,Susceptible,30,65.0,3.7,57.7,6,32.8,83.6
EP-S1,Susceptible,31,84.8,4.5,59.5,7,18.8,89.3
EP-S1,Susceptible,32,63.0,4.7,69.5,9,21.7,85.0
EP-S1,Susceptible,33,97.8,3.8,57.3,5,30.7,66.8
EP-S1,Susceptible,34,71.3,4.5,65.9,7,26.8,89.0
EP-S1,Susceptible,35,65.5,3.8,61.1,8,32.2,83.2
EP-S1,Susceptible,36,86.8,3.5,73.3,9,30.9,92.5
EP-S1,Susceptible,37,58.4,3.9,61.3,8,16.6,85.3
EP-S1,Susceptible,38,88.7,4.6,66.4,6,18.2,88.7
EP-S1,Susceptible,39,82.8,4.2,62.9,5,16.4,93.4
EP-S1,Susceptible,40,62.2,4.3,70.0,6,26.5,86.6
EP-S1,Susceptible,41,75.1,5.0,56.7,8,23.6,85.4
EP-S1,Susceptible,42,79.4,3.8,66.1,5,29.8,82.1
EP-S1,Susceptible,43,81.4,4.8,66.8,7,18.0,75.0
EP-S1,Susceptible,44,86.9,5.0,63.8,7,17.8,88.2
EP-S1,Susceptible,45,81.7,5.0,60.6,7,26.9,84.5
EP-S1,Susceptible,46,72.8,3.7,69.4,8,17.7,89.5
EP-S1,Susceptible,47,86.7,4.3,65.4,8,18.1,80.2
EP-S1,Susceptible,48,53.5,4.7,57.2,9,22.4,78.5
EP-S1,Susceptible,49,68.7,4.0,72.1,5,35.2,82.4
EP-S1,Susceptible,50,62.9,3.6,73.4,6,15.8,88.0
EP-S1,Susceptible,51,78.4,3.6,66.1,6,33.8,87.4
EP-S1,Susceptible,52,80.3,4.4,73.8,7,15.5,83.1
EP-S1,Susceptible,53,95.9,3.6,63.2,7,24.6,73.1
EP-S1,Susceptible,54,86.2,5.0,66.0,6,12.6,81.8
EP-S1,Susceptible,55,86.0,4.5,65.0,6,16.3,85.8
EP-S1,Susceptible,56,84.1,3.3,72.9,8,36.2,70.6
EP-S1,Susceptible,57,61.3,4.1,67.5,9,30.6,78.3
EP-S1,Susceptible,58,64.7,4.9,60.2,9,22.7,91.1
EP-S1,Susceptible,59,81.8,4.1,62.4,7,28.4,80.5
EP-S1,Susceptible,60,69.1,4.1,65.4,5,28.7,73.1
EP-S1,Susceptible,61,63.5,3.2,56.0,6,19.3,93.7
EP-S1,Susceptible,62,69.7,4.3,67.0,7,24.4,71.6
EP-S1,Susceptible,63,89.5,5.0,56.6,6,22.8,73.2
EP-S1,Susceptible,64,80.1,3.8,75.8,8,26.7,87.2
EP-S1,Susceptible,65,86.1,3.9,60.9,7,31.9,81.0
EP-S1,Susceptible,66,59.2,3.7,64.6,7,40.8,70.3
EP-S1,Susceptible,67,80.1,5.0,76.4,7,28.9,84.0
EP-S1,Susceptible,68,77.0,4.1,67.2,4,30.5,80.9
EP-S1,Susceptible,69,72.8,5.0,61.6,7,40.9,74.2
EP-S1,Susceptible,70,69.5,4.1,69.2,7,14.7,76.3
EP-S1,Susceptible,71,68.9,4.2,67.1,7,10.8,87.4
EP-S1,Susceptible,72,77.5,5.0,67.2,8,28.7,89.4
EP-S1,Susceptible,73,80.2,4.1,76.4,8,29.6,71.1
EP-S1,Susceptible,74,62.1,4.4,65.7,6,26.1,91.1
EP-S1,Susceptible,75,82.0,3.5,64.4,6,21.9,77.1
EP-S1,Susceptible,76,70.2,3.4,64.4,6,1.6,94.4
EP-S1,Susceptible,77,85.9,4.0,65.1,6,38.6,93.3
EP-S1,Susceptible,78,76.6,4.8,65.9,6,21.7,80.9
EP-S1,Susceptible,79,70.5,4.1,64.5,7,25.4,72.6
EP-S1,Susceptible,80,67.8,3.4,69.9,5,34.2,89.7
EP-S1,Susceptible,81,72.0,2.6,63.2,7,16.9,76.4
EP-S1,Susceptible,82,90.3,4.6,60.4,5,22.4,78.5
EP-S1,Susceptible,83,80.0,3.9,67.6,9,31.5,79.7
EP-S1,Susceptible,84,73.2,4.0,70.9,6,25.4,80.4
EP-S1,Susceptible,85,70.0,3.4,66.6,7,29.0,76.3
EP-S1,Susceptible,86,87.2,3.7,73.6,5,28.5,83.3
EP-S1,Susceptible,87,67.0,4.5,71.4,5,29.0,62.5
EP-S1,Susceptible,88,65.3,5.0,62.1,6,23.4,94.5
EP-S1,Susceptible,89,56.7,3.6,72.5,9,24.2,71.3
EP-S1,Susceptible,90,96.0,5.0,68.4,6,24.6,78.9
EP-S1,Susceptible,91,78.3,5.0,69.4,6,36.0,82.2
EP-S1,Susceptible,92,81.9,5.0,59.4,7,20.7,69.0
EP-S1,Susceptible,93,78.5,5.0,55.8,7,30.1,80.9
EP-S1,Susceptible,94,73.9,3.4,66.2,6,7.5,88.4
EP-S1,Susceptible,95,84.6,4.2,66.1,8,26.8,86.3
EP-S1,Susceptible,96,72.0,5.0,66.6,7,14.8,82.0
EP-S1,Susceptible,97,66.7,3.8,60.9,6,42.0,89.3
EP-S1,Susceptible,98,94.2,3.5,65.4,6,19.4,73.6
EP-S1,Susceptible,99,87.4,4.0,70.3,8,43.4,69.6
EP-S1,Susceptible,100,87.6,4.9,60.1,8,27.7,78.4
EP-S2,Susceptible,1,66.8,3.8,75.2,7,31.3,74.5
EP-S2,Susceptible,2,67.2,4.8,58.3,7,25.3,80.8
EP-S2,Susceptible,3,73.2,4.4,68.5,8,17.1,78.0
EP-S2,Susceptible,4,86.9,4.7,58.1,7,9.2,80.3
EP-S2,Susceptible,5,94.0,3.6,60.8,8,12.7,75.6
EP-S2,Susceptible,6,81.0,3.8,63.8,8,28.4,81.9
EP-S2,Susceptible,7,71.6,4.4,64.4,7,21.0,78.7
EP-S2,Susceptible,8,65.1,4.2,60.9,6,27.1,81.5
EP-S2,Susceptible,9,82.8,3.9,67.0,8,28.6,74.2
EP-S2,Susceptible,10,76.5,4.4,65.0,5,26.3,95.5
EP-S2,Susceptible,11,71.4,3.8,66.9,7,34.5,71.2
EP-S2,Susceptible,12,82.3,4.6,64.3,7,33.2,86.1
EP-S2,Susceptible,13,63.6,4.7,64.7,7,25.6,78.9
EP-S2,Susceptible,14,86.9,4.1,59.4,7,26.4,88.6
EP-S2,Susceptible,15,81.0,3.7,77.4,7,35.2,78.9
EP-S2,Susceptible,16,80.3,4.7,71.1,8,32.0,77.8
EP-S2,Susceptible,17,69.3,4.4,69.7,7,33.5,90.2
EP-S2,Susceptible,18,65.8,3.7,64.3,7,20.8,89.5
EP-S2,Susceptible,19,79.2,4.2,57.8,6,27.2,65.1
EP-S2,Susceptible,20,85.1,4.1,81.2,9,23.5,79.3
EP-S2,Susceptible,21,85.0,5.0,56.8,5,20.0,84.1
EP-S2,Susceptible,22,80.0,4.8,59.0,5,31.9,74.2
EP-S2,Susceptible,23,54.8,4.3,69.0,7,21.3,78.9
EP-S2,Susceptible,24,71.3,3.4,61.4,8,27.6,81.2
EP-S2,Susceptible,25,65.0,4.1,54.1,7,36.4,69.7
EP-S2,Susceptible,26,69.1,4.4,71.3,7,19.5,66.2
EP-S2,Susceptible,27,76.0,5.0,66.4,7,27.6,79.9
EP-S2,Susceptible,28,66.9,4.7,66.1,7,17.2,89.1
EP-S2,Susceptible,29,81.6,3.9,70.0,7,18.7,74.7
EP-S2,Susceptible,30,57.3,4.5,55.8,6,8.4,79.4
EP-S2,Susceptible,31,73.5,4.0,59.8,6,28.7,76.1
EP-S2,Susceptible,32,78.2,3.7,65.9,8,29.7,77.1
EP-S2,Susceptible,33,77.6,4.1,65.0,7,23.7,81.5
EP-S2,Susceptible,34,65.1,3.6,58.1,5,15.3,81.1
EP-S2,Susceptible,35,66.1,4.5,65.2,5,30.2,85.7
EP-S2,Susceptible,36,65.1,4.5,60.7,7,14.9,67.4
EP-S2,Susceptible,37,71.2,4.1,63.0,6,21.8,81.9
EP-S2,Susceptible,38,74.6,4.3,61.6,8,15.6,83.4
EP-S2,Susceptible,39,86.8,4.5,64.0,6,33.3,70.0
EP-S2,Susceptible,40,65.3,4.0,71.2,7,17.3,77.8
EP-S2,Susceptible,41,68.9,3.8,69.9,6,37.9,85.8
EP-S2,Susceptible,42,85.9,3.9,64.3,6,20.8,83.5
EP-S2,Susceptible,43,88.0,3.5,63.2,7,13.8,84.1
EP-S2,Susceptible,44,67.8,4.1,62.7,6,24.9,78.5
EP-S2,Susceptible,45,71.3,3.8,66.6,9,26.1,87.0
EP-S2,Susceptible,46,61.1,4.3,59.5,6,19.1,88.3
EP-S2,Susceptible,47,84.5,4.3,57.3,7,27.4,81.2
EP-S2,Susceptible,48,56.6,3.7,64.7,8,7.4,78.9
EP-S2,Susceptible,49,76.4,4.7,68.5,8,18.6,66.6
EP-S2,Susceptible,50,71.1,4.8,72.0,8,28.4,82.7
EP-S2,Susceptible,51,69.4,4.1,73.3,6,37.9,77.7
EP-S2,Susceptible,52,88.3,3.4,67.9,6,13.7,81.5
EP-S2,Susceptible,53,85.1,3.7,57.5,7,24.3,83.8
EP-S2,Susceptible,54,84.5,4.2,74.3,7,22.2,68.7
EP-S2,Susceptible,55,72.4,4.0,69.8,7,15.6,81.2
EP-S2,Susceptible,56,81.7,5.0,69.4,8,25.5,82.7
EP-S2,Susceptible,57,87.5,3.4,63.3,6,28.0,88.6
EP-S2,Susceptible,58,69.0,2.8,62.9,8,29.3,83.0
EP-S2,Susceptible,59,72.2,3.4,67.6,6,42.5,84.0
EP-S2,Susceptible,60,69.2,3.8,64.5,7,33.9,81.3
EP-S2,Susceptible,61,67.7,5.0,65.2,8,20.1,82.5
EP-S2,Susceptible,62,78.1,3.1,75.1,8,21.8,72.3
EP-S2,Susceptible,63,78.5,4.3,66.8,7,29.0,90.1
EP-S2,Susceptible,64,80.7,3.6,71.8,9,50.2,72.1
EP-S2,Susceptible,65,77.4,3.0,67.8,6,40.4,74.6
EP-S2,Susceptible,66,58.1,3.9,55.1,8,8.5,80.2
EP-S2,Susceptible,67,54.2,4.0,73.2,7,18.1,79.8
EP-S2,Susceptible,68,75.2,4.5,58.2,8,3.4,75.6
EP-S2,Susceptible,69,70.1,4.6,65.1,6,17.1,81.4
EP-S2,Susceptible,70,74.2,3.9,62.6,8,20.9,79.4
EP-S2,Susceptible,71,96.7,3.3,55.7,8,19.6,77.8
EP-S2,Susceptible,72,67.2,4.0,73.0,8,31.9,70.1
EP-S2,Susceptible,73,63.5,2.5,61.0,8,29.1,78.4
EP-S2,Susceptible,74,74.8,3.8,66.0,8,12.1,82.1
EP-S2,Susceptible,75,84.3,4.0,68.5,10,24.2,82.8
EP-S2,Susceptible,76,67.6,4.3,67.3,7,16.8,81.4
EP-S2,Susceptible,77,89.6,4.5,69.8,7,31.0,82.0
EP-S2,Susceptible,78,65.5,4.4,60.0,6,26.5,82.1
EP-S2,Susceptible,79,63.1,4.8,67.9,6,12.7,79.0
EP-S2,Susceptible,80,70.5,4.3,63.2,5,21.9,77.9
EP-S2,Susceptible,81,81.3,3.8,73.4,5,35.5,78.4
EP-S2,Susceptible,82,83.6,4.2,70.7,7,16.2,89.9
EP-S2,Susceptible,83,73.9,4.3,71.2,6,29.8,75.9
EP-S2,Susceptible,84,73.7,4.2,57.5,6,35.8,86.2
EP-S2,Susceptible,85,74.4,4.3,63.5,8,23.4,81.6
EP-S2,Susceptible,86,86.5,3.7,72.8,5,38.0,77.4
EP-S2,Susceptible,87,72.6,3.1,62.7,6,20.1,79.0
EP-S2,Susceptible,88,84.6,4.3,66.5,6,18.0,92.6
EP-S2,Susceptible,89,67.6,5.0,63.8,7,33.6,88.9
EP-S2,Susceptible,90,73.9,4.0,64.7,7,32.1,80.0
EP-S2,Susceptible,91,81.2,5.0,66.9,7,12.8,61.6
EP-S2,Susceptible,92,78.9,4.1,62.4,7,24.5,87.9
EP-S2,Susceptible,93,75.9,3.8,70.0,7,29.2,76.7
EP-S2,Susceptible,94,68.5,4.3,65.1,7,22.9,67.1
EP-S2,Susceptible,95,70.7,4.7,63.5,7,32.9,75.0
EP-S2,Susceptible,96,59.6,4.1,62.6,6,23.6,83.4
EP-S2,Susceptible,97,74.9,4.4,74.1,7,27.2,76.4
EP-S2,Susceptible,98,66.5,3.8,62.6,7,43.8,75.0
EP-S2,Susceptible,99,70.8,4.2,67.0,7,35.3,63.0
EP-S2,Susceptible,100,51.1,3.9,70.5,5,0.9,84.0
EP-S3,Susceptible,1,77.4,3.5,60.1,6,25.9,75.6
EP-S3,Susceptible,2,79.9,2.5,60.7,6,22.9,76.2
EP-S3,Susceptible,3,83.0,3.1,65.2,8,39.9,76.6
EP-S3,Susceptible,4,78.2,3.1,53.0,8,25.0,88.2
EP-S3,Susceptible,5,61.3,4.5,74.3,7,27.2,80.1
EP-S3,Susceptible,6,59.3,5.0,61.9,8,12.5,71.7
EP-S3,Susceptible,7,89.4,4.0,72.3,7,10.3,86.2
EP-S3,Susceptible,8,69.1,4.6,65.1,5,26.3,95.4
EP-S3,Susceptible,9,79.9,4.2,70.4,7,26.7,72.4
EP-S3,Susceptible,10,77.3,4.8,60.8,8,24.3,73.8
EP-S3,Susceptible,11,85.0,4.0,68.8,7,24.5,83.5
EP-S3,Susceptible,12,77.9,3.0,59.4,8,23.9,76.3
EP-S3,Susceptible,13,61.4,3.6,54.9,7,20.2,73.2
EP-S3,Susceptible,14,74.3,4.4,75.5,5,34.3,86.8
EP-S3,Susceptible,15,67.2,4.3,62.7,7,37.1,84.2
EP-S3,Susceptible,16,80.1,3.9,57.6,7,34.7,69.3
EP-S3,Susceptible,17,64.4,4.3,60.1,6,21.6,70.4
EP-S3,Susceptible,18,65.3,4.6,58.5,5,20.0,85.1
EP-S3,Susceptible,19,73.0,3.9,65.2,5,29.0,82.7
EP-S3,Susceptible,20,70.9,4.8,59.4,8,26.2,77.6
EP-S3,Susceptible,21,74.8,4.1,71.1,6,18.9,87.3
EP-S3,Susceptible,22,69.0,4.7,73.5,7,30.5,71.9
EP-S3,Susceptible,23,82.5,4.3,67.4,6,11.7,83.5
EP-S3,Susceptible,24,54.4,4.0,69.7,7,40.6,87.2
EP-S3,Susceptible,25,68.5,4.2,64.8,5,17.5,76.1
EP-S3,Susceptible,26,54.6,4.2,63.8,5,28.2,85.0
EP-S3,Susceptible,27,77.3,4.0,68.0,8,27.5,74.2
EP-S3,Susceptible,28,77.8,4.9,62.0,9,20.8,80.2
EP-S3,Susceptible,29,68.3,4.3,56.3,6,16.3,80.9
EP-S3,Susceptible,30,84.9,4.6,53.1,9,27.4,74.6
EP-S3,Susceptible,31,76.6,4.3,61.7,7,20.1,77.2
EP-S3,Susceptible,32,68.1,3.3,65.7,8,29.1,85.7
EP-S3,Susceptible,33,78.2,3.9,69.2,6,17.8,73.3
EP-S3,Susceptible,34,85.8,4.8,67.4,8,18.0,82.4
EP-S3,Susceptible,35,73.7,4.7,64.4,7,29.3,86.1
EP-S3,Susceptible,36,68.3,4.2,59.7,5,26.6,84.3
EP-S3,Susceptible,37,77.6,3.0,63.2,5,36.0,72.4
EP-S3,Susceptible,38,87.6,4.8,60.5,6,27.8,74.1
EP-S3,Susceptible,39,76.0,3.9,56.1,5,26.8,76.1
EP-S3,Susceptible,40,69.5,4.6,70.9,7,22.3,83.5
EP-S3,Susceptible,41,61.4,4.3,67.8,8,9.5,74.7
EP-S3,Susceptible,42,66.2,4.3,67.4,8,21.0,76.5
EP-S3,Susceptible,43,86.5,4.4,71.3,7,15.7,70.7
EP-S3,Susceptible,44,59.5,4.6,70.9,9,31.7,88.1
EP-S3,Susceptible,45,69.2,3.5,69.3,7,25.9,82.7
EP-S3,Susceptible,46,78.2,5.0,71.5,8,31.8,83.6
EP-S3,Susceptible,47,70.4,4.7,58.0,8,15.4,82.0
EP-S3,Susceptible,48,66.5,4.5,64.8,5,28.4,76.0
EP-S3,Susceptible,49,83.8,4.2,67.0,6,20.3,76.8
EP-S3,Susceptible,50,83.6,5.0,61.0,8,7.6,71.6
EP-S3,Susceptible,51,65.4,3.4,57.1,7,23.3,82.7
EP-S3,Susceptible,52,81.9,4.4,68.3,7,15.5,87.4
EP-S3,Susceptible,53,69.1,3.6,64.1,6,21.7,82.4
EP-S3,Susceptible,54,78.5,3.7,62.6,8,29.0,94.5
EP-S3,Susceptible,55,86.8,4.9,58.1,8,24.6,76.1
EP-S3,Susceptible,56,76.7,4.8,67.5,6,30.9,75.5
EP-S3,Susceptible,57,77.2,4.0,63.9,8,16.7,93.6
EP-S3,Susceptible,58,56.8,3.8,66.9,8,24.2,79.6
EP-S3,Susceptible,59,79.1,4.1,72.0,8,32.0,73.2
EP-S3,Susceptible,60,74.2,4.0,60.0,7,20.7,84.6
EP-S3,Susceptible,61,64.3,5.0,60.5,7,31.3,76.0
EP-S3,Susceptible,62,83.5,3.5,72.3,7,20.2,77.9
EP-S3,Susceptible,63,83.1,3.8,61.3,7,15.6,92.7
EP-S3,Susceptible,64,69.3,4.7,66.0,6,25.0,85.5
EP-S3,Susceptible,65,73.1,4.9,70.1,8,21.3,72.4
EP-S3,Susceptible,66,68.9,4.3,67.7,5,24.9,81.1
EP-S3,Susceptible,67,72.2,5.0,67.1,8,23.3,86.6
EP-S3,Susceptible,68,91.4,5.0,59.5,7,22.2,83.4
EP-S3,Susceptible,69,81.9,3.7,65.3,5,36.5,76.4
EP-S3,Susceptible,70,75.6,4.0,70.7,4,24.9,79.3
EP-S3,Susceptible,71,70.5,5.0,60.6,8,27.9,88.8
EP-S3,Susceptible,72,68.3,3.8,70.5,7,12.6,76.2
EP-S3,Susceptible,73,78.9,4.7,61.6,4,29.2,71.5
EP-S3,Susceptible,74,54.8,2.5,69.1,7,23.2,89.7
EP-S3,Susceptible,75,81.4,5.0,58.0,7,12.1,78.4
EP-S3,Susceptible,76,72.5,4.6,65.2,8,30.6,95.1
EP-S3,Susceptible,77,71.8,3.6,66.2,6,36.9,78.0
EP-S3,Susceptible,78,69.3,3.9,68.6,7,19.9,91.7
EP-S3,Susceptible,79,66.4,4.2,68.3,5,28.8,72.6
EP-S3,Susceptible,80,83.2,3.6,68.5,8,31.9,81.8
EP-S3,Susceptible,81,72.7,3.9,72.4,6,16.7,84.7
EP-S3,Susceptible,82,67.0,3.6,57.8,7,24.3,81.7
EP-S3,Susceptible,83,84.5,4.5,64.0,7,29.1,88.9
EP-S3,Susceptible,84,76.3,3.9,60.0,6,30.3,84.0
EP-S3,Susceptible,85,80.8,4.1,72.0,7,32.6,79.7
EP-S3,Susceptible,86,68.9,4.6,67.0,7,25.7,79.7
EP-S3,Susceptible,87,98.9,4.9,68.6,7,33.1,83.6
EP-S3,Susceptible,88,75.3,4.0,64.6,4,26.7,76.6
EP-S3,Susceptible,89,90.9,4.2,59.1,7,16.6,83.3
EP-S3,Susceptible,90,77.9,4.8,61.0,7,14.1,84.9
EP-S3,Susceptible,91,80.2,4.5,65.0,7,37.8,78.0
EP-S3,Susceptible,92,76.4,3.5,60.7,7,33.8,78.2
EP-S3,Susceptible,93,72.6,4.0,62.3,7,13.0,89.0
EP-S3,Susceptible,94,68.3,4.6,58.7,8,30.4,82.7
EP-S3,Susceptible,95,65.1,4.3,59.1,7,33.2,85.6
EP-S3,Susceptible,96,75.2,3.6,68.2,7,6.4,85.5
EP-S3,Susceptible,97,74.8,4.9,59.5,4,27.2,82.0
EP-S3,Susceptible,98,58.1,3.6,78.8,7,30.8,75.4
EP-S3,Susceptible,99,54.1,4.1,63.7,7,24.1,81.8
EP-S3,Susceptible,100,73.5,3.4,67.4,5,8.6,85.2
